<?xml version="1.0" encoding="UTF-8" standalone="yes"?>
<addon id="repository.orloginRepo" name="orloginRepo" version="1.0.0" provider-name="orloginRepo">
	<extension point="xbmc.addon.repository" name="orloginRepo">
		<info compressed="false">http://cha1m.com/dark/orloginRepo/zips/addons.xml</info>
		<checksum>http://cha1m.com/dark/orloginRepo/zips/addons.xml.md5</checksum>
		<datadir zip="true">http://cha1m.com/dark/orloginRepo/zips/</datadir>
	</extension>
	<extension point="xbmc.addon.metadata">
		<summary>orloginRepo</summary>
		<description>orloginRepo</description>
		<platform>all</platform>
	</extension>
</addon>

