<?xml version="1.2" encoding="UTF-8"?>
    <addon id="repository.ghostmedia" name="GhostMedia Repository" version="0.1.2" provider-name="ghostmedia">
        <requires>
            <import addon="xbmc.addon" version="12.0.0"/>
        </requires>
        <extension point="xbmc.addon.repository" name="GhostMedia Repository">
            <info compressed="false">https://vapourish-mounts.000webhostapp.com/_ghostrepo/addons.xml</info>
            <checksum>https://vapourish-mounts.000webhostapp.com/_ghostrepo/addons.xml.md5</checksum>
            <datadir zip="true">https://vapourish-mounts.000webhostapp.com/_ghostrepo</datadir>
            <hashes>false</hashes>
        </extension>
        <extension point="xbmc.addon.metadata">
            <summary>ghostmedia repository</summary>
            <description>addons install</description>
            <platform>all</platform>
    </extension>
</addon>